ts_utc,lat,lon,alt_m,speed_ms,hdop,num_sat,fix_quality
1710489600,34.26628692892239143040,108.94562744224372081667,344,8.10,0.9,13,4
1710489601,34.26568510391552476577,108.94583740958891567735,305,11.60,0.7,10,4
1710489602,34.26879432966093935972,108.95031874752037110507,305,5.10,0.1,8,4
1710489603,34.26336478164006469924,108.94874460280159916989,338,1.80,0.8,12,4
1710489604,34.27062025208288827173,108.94952587664418469801,316,5.20,0.1,10,4
1710489605,34.26306356395153660695,108.94676181524094363231,305,3.00,0.3,9,4
1710489606,34.26957651905880916776,108.95275900753807184057,344,3.20,0.8,12,4
1710489607,34.26682619098483230079,108.95292533341471602526,331,4.90,0.9,13,4
1710489608,34.26143418073061311685,108.94739263283181249427,311,10.60,0.6,11,4
1710489609,34.26262348704489272743,108.94338097476119266335,306,11.00,0.2,8,4
1710489610,34.26836920682393871883,108.94744848170415356913,326,7.40,0.6,14,4
1710489611,34.26404992217780083620,108.95000745872371593371,338,1.90,0.6,10,4
1710489612,34.26628143559068575090,108.94545043488876003295,315,7.30,0.6,12,4
1710489613,34.26960215460676900540,108.95018965422528763695,323,11.00,0.4,10,4
1710489614,34.26903420514542069765,108.95220387585070345164,334,2.60,0.9,12,4
1710489615,34.26853370159001434369,108.94892557756279183324,333,11.20,0.3,13,4
1710489616,34.26616516006958220160,108.95104661397137363811,313,4.70,0.9,13,4
1710489617,34.26903634144108401745,108.95234212469862971892,319,3.10,0.8,14,4
1710489618,34.27089308755760368663,108.95131059907834101382,319,11.60,0.5,12,4
1710489619,34.26924325693533127842,108.95151751457258827478,331,6.80,0.8,12,4
1710489620,34.26166947843867305520,108.94973370769371623889,316,9.50,0.6,11,4
1710489621,34.26902443922238837855,108.94732579729606006042,342,11.70,0.7,10,4
1710489622,34.27101973937192907498,108.94858773766289254432,326,9.50,0.1,8,4
1710489623,34.26232989898373363444,108.94365564134647663808,323,11.60,0.8,11,4
1710489624,34.27104842677083651234,108.94582062440870387890,314,6.90,0.3,11,4
1710489625,34.26337698904385509811,108.94972424695577867976,321,3.60,0.7,8,4
1710489626,34.26978404492324594866,108.94996015503402813806,320,9.40,0.4,8,4
1710489627,34.26142807702871791741,108.95266256904812768944,339,7.90,0.4,12,4
1710489628,34.26819677724539933469,108.94475888546403393658,344,6.70,0.8,12,4
1710489629,34.26251819818720053712,108.94801124301889095736,327,4.20,0.1,11,4
1710489630,34.27134323557237464522,108.95296348155156102175,307,10.40,0.6,12,4
1710489631,34.26535825067903683584,108.94965130771813104647,323,3.30,0.1,10,4
1710489632,34.27120101931821649830,108.94512144535660878322,325,.60,0.2,13,4
1710489633,34.26505947447126682332,108.94541381267738883632,334,7.80,0.3,12,4
1710489634,34.26918160954618976409,108.95260000610370189519,314,6.80,0.6,8,4
1710489635,34.26412591326639606921,108.94919658192693868831,307,7.60,0.5,14,4
1710489636,34.26164140140995513779,108.94686344187749870296,336,10.20,0.3,8,4
1710489637,34.26755375225074007385,108.95064529557176427503,332,7.60,0.8,8,4
1710489638,34.27125900448622089297,108.95224080324716940824,340,.90,0.6,12,4
1710489639,34.26795018768883327738,108.95074753257850886562,333,.20,0.5,14,4
1710489640,34.26987560045167394024,108.95088822290719321268,330,5.90,0.2,12,4
1710489641,34.26456446424756614886,108.94361596728415784173,311,1.90,0.5,9,4
1710489642,34.26402916959135715811,108.94777838679158909878,331,3.60,0.7,9,4
1710489643,34.26700808130130924405,108.94911631824701681569,328,8.50,0.7,12,4
1710489644,34.26541135288552507095,108.95195514999847407452,341,.40,0.6,12,4
1710489645,34.26854041566209906308,108.94942486037781914731,334,1.20,0.9,11,4
1710489646,34.26393364665669728690,108.95265066682943205053,329,2.70,0.9,9,4
1710489647,34.26373771782586138492,108.94526305124057741019,339,10.00,0.9,14,4
1710489648,34.27022229071932126834,108.94624666280098879970,313,6.30,0.4,12,4
1710489649,34.26266651814325388348,108.94797431562242500076,338,3.30,0.3,12,4
1710489650,34.26197039094210638752,108.95011640980254524369,315,5.60,0.9,9,4
1710489651,34.27055463728751487777,108.95092026734214300973,334,6.20,0.6,8,4
1710489652,34.26880470595416119876,108.94734044618060853907,321,1.00,0.3,8,4
1710489653,34.26207842646565141758,108.94376794946134830774,307,10.00,0.6,14,4
1710489654,34.26899422589800714133,108.94669833674123355815,341,.70,0.1,11,4
1710489655,34.27130417188024536881,108.94779730826746421704,329,3.20,0.7,14,4
1710489656,34.26195696279793694875,108.94475583361308633686,343,10.80,0.1,8,4
1710489657,34.26724337900936918240,108.94598176213873714407,342,5.10,0.2,10,4
1710489658,34.26158097476119266335,108.95082840662862025818,335,5.70,0.6,8,4
1710489659,34.26210680867946409497,108.94619325540940580462,315,.40,0.2,10,4
1710489660,34.26749241004669331949,108.94577606738486892300,320,2.90,0.4,14,4
1710489661,34.26619750968962675862,108.95042495193334757530,328,10.40,0.1,14,4
1710489662,34.26855903195287942136,108.95156909085360271004,340,4.10,0.3,11,4
1710489663,34.26225940122684408093,108.95058456373790704062,320,.40,0.2,14,4
1710489664,34.26244342783898434400,108.94874155095065157017,308,6.80,0.8,8,4
1710489665,34.26726291085543382061,108.95036666158024842066,310,9.90,0.8,10,4
1710489666,34.26735049897762993255,108.95276450086977752006,333,3.20,0.3,10,4
1710489667,34.26398247627185888241,108.94832955107272560808,338,6.80,0.9,11,4
1710489668,34.26158097476119266335,108.95064499038666951506,335,6.70,0.2,9,4
1710489669,34.26329519943845942564,108.94611695913571581163,341,4.50,0.9,13,4
1710489670,34.27050092471083712271,108.94836220587786492507,319,5.70,0.4,8,4
1710489671,34.26201311685537278359,108.95269156163212988677,342,.40,0.9,10,4
1710489672,34.26242938932462538529,108.95180347300637836848,324,1.90,0.7,13,4
1710489673,34.26508724631488998077,108.94795936155278176213,315,9.20,0.1,10,4
1710489674,34.26888741111484115115,108.94960827661976989043,330,6.40,0.1,10,4
1710489675,34.26799718619342631305,108.95317924741355632190,326,.80,0.6,11,4
1710489676,34.26496822412793359172,108.95271567125461592455,311,7.00,0.8,8,4
1710489677,34.26609832453382976775,108.95016127201147495956,308,11.10,0.5,12,4
1710489678,34.26816107058931241798,108.94447719962157048249,327,10.40,0.5,10,4
1710489679,34.26692720725119785149,108.94621248207037568285,339,7.20,0.4,10,4
